movieId,title
tt0118688,Batman & Robin (1997)
tt0094721,Beetlejuice (1988)
tt0120601,Being John Malkovich (1999)
tt0067023,Duel (TV Movie 1971)
tt0265086,Black Hawk Down (2001)
tt0083658,Blade Runner (1982)
tt0071230,Blazing Saddles (1974)
tt0080455,The Blues Brothers (1980)
tt0103874,Bram Stoker's Dracula (1992)
tt0112573,Braveheart (1995)
tt0082533,The Howling (1981)
tt0346491,Alexander (2004)
tt0289879,The Butterfly Effect (2004)
tt0338751,The Aviator (2004)
tt0217505,Gangs of New York (2002)
tt0285742,Monster's Ball (2001)
tt0372588,Team America: World Police (2004)
tt0034583,Casablanca (1942)
tt0257106,Scary Movie 2 (2001)
tt0086250,Scarface (1983)
tt0120655,Dogma (1999)
tt0082495,Halloween II (1981)
tt0343660,50 First Dates (2004)
tt0293508,The Phantom of the Opera (2004)
tt0405159,Million Dollar Baby (2004)
tt0299977,Hero (2002)
tt0120804,Resident Evil (2002)
tt0317740,The Italian Job (2003)
tt0304141,Harry Potter and the Prisoner of Azkaban (2004)
tt0264464,Catch Me If You Can (2002)
tt0296572,The Chronicles of Riddick (2004)
tt0118880,Con Air (1997)
tt0316654,Spider-Man 2 (2004)
tt0111161,The Shawshank Redemption (1994)
tt0117060,Mission: Impossible (1996)
tt0317705,The Incredibles (2004)
tt0120755,Mission: Impossible II (2000)
tt0307987,Bad Santa (2003)
tt0162222,Cast Away (2000)
tt0305224,Anger Management (2003)
tt0333766,Garden State (2004)
tt0295701,xXx (2002)
tt0038355,The Big Sleep (1946)
tt0187738,Blade II (2002)
tt0120338,Titanic (1997)
tt0118884,Contact (1997)
tt0363163,Downfall (2004)
tt0067116,The French Connection (1971)
tt0327554,Catwoman (2004)
tt0286106,Signs (2002)
tt0120382,The Truman Show (1998)
tt0120815,Saving Private Ryan (1998)
tt0374900,Napoleon Dynamite (2004)
tt0363547,Dawn of the Dead (2004)
tt0146882,High Fidelity (2000)
tt0338013,Eternal Sunshine of the Spotless Mind (2004)
tt0123755,Cube (1997)
tt0263488,Jeepers Creepers (2001)
tt0349903,Ocean's Twelve (2004)
tt0120347,Tomorrow Never Dies (1997)
tt0118971,The Devil's Advocate (1997)
tt0295700,Wrong Turn (2003)
tt0118655,Austin Powers: International Man of Mystery (1997)
tt0374102,Open Water (2003)
tt0095016,Die Hard (1988)
tt0246578,Donnie Darko (2001)
tt0109686,Dumb and Dumber (1994)
tt0319061,Big Fish (2003)
tt0104257,A Few Good Men (1992)
tt0070917,The Wicker Man (1973)
tt0013442,Nosferatu (1922)
tt0266697,Kill Bill: Vol. 1 (2003)
tt0378194,Kill Bill: Vol. 2 (2004)
tt0335345,The Passion of the Christ (2004)
tt0328107,Man on Fire (2004)
tt0376541,Closer (2004)
tt0116367,From Dusk Till Dawn (1996)
tt0106977,The Fugitive (1993)
tt0172495,Gladiator (2000)
tt0058150,Goldfinger (1964)
tt0234215,The Matrix Reloaded (2003)
tt0318627,Resident Evil: Apocalypse (2004)
tt0332452,Troy (2004)
tt0241527,Harry Potter and the Sorcerer's Stone (2001)
tt0295297,Harry Potter and the Chamber of Secrets (2002)
tt0118583,Alien: Resurrection (1997)
tt0266543,Finding Nemo (2003)
tt0167190,Hellboy (2004)
tt0091209,The Hitcher (1986)
tt0071853,Monty Python and the Holy Grail (1975)
tt0107048,Groundhog Day (1993)
tt0343818,"I, Robot (2004)"
tt0116629,Independence Day (1996)
tt0097576,Indiana Jones and the Last Crusade (1989)
tt0082971,Indiana Jones and the Raiders of the Lost Ark (1981)
tt0116996,Mars Attacks! (1996)
tt0062622,2001: A Space Odyssey (1968)
tt0073195,Jaws (1975)
tt0070328,Live and Let Die (1973)
tt0076752,The Spy Who Loved Me (1977)
tt0246460,Die Another Day (2002)
tt0078748,Alien (1979)
tt0090605,Aliens (1986)
tt0103644,Alien³ (1992)
tt0045152,Singin' in the Rain (1952)
tt0308644,Finding Neverland (2004)
tt0118615,Anaconda (1997)
tt0395169,Hotel Rwanda (2004)
tt0088763,Back to the Future (1985)
tt0096874,Back to the Future Part II (1989)
tt0099088,Back to the Future Part III (1990)
tt0372183,The Bourne Supremacy (2004)
tt0119094,Face/Off (1997)
tt0359013,Blade: Trinity (2004)
tt0119488,L.A. Confidential (1997)
tt0325710,The Last Samurai (2003)
tt0209144,Memento (2000)
tt0093409,Lethal Weapon (1987)
tt0042876,Rashomon (1950)
tt0097733,Lethal Weapon 2 (1989)
tt0079470,Life of Brian (1979)
tt0120735,"Lock, Stock and Two Smoking Barrels (1998)"
tt0087538,The Karate Kid (1984)
tt0120737,The Lord of the Rings: The Fellowship of the Ring (2001)
tt0167261,The Lord of the Rings: The Two Towers (2002)
tt0167260,The Lord of the Rings: The Return of the King (2003)
tt0093437,The Lost Boys (1987)
tt0133093,The Matrix (1999)
tt0368891,National Treasure (2004)
tt0340855,Monster (2003)
tt0265459,One Hour Photo (2002)
tt0107290,Jurassic Park (1993)
tt0111503,True Lies (1994)
tt0368447,The Village (2004)
tt0325980,Pirates of the Caribbean: The Curse of the Black Pearl (2003)
tt0242653,The Matrix Revolutions (2003)
tt0050825,Paths of Glory (1957)
tt0075148,Rocky (1976)
tt0181689,Minority Report (2002)
tt0364725,Dodgeball: A True Underdog Story (2004)
tt0095271,Halloween 4: The Return of Michael Myers (1988)
tt0100157,Misery (1990)
tt0369339,Collateral (2004)
tt0350258,Ray (2004)
tt0074958,Network (1976)
tt0357413,Anchorman: The Legend of Ron Burgundy (2004)
tt0375063,Sideways (2004)
tt0055928,Dr. No (1962)
tt0057076,From Russia with Love (1963)
tt0059800,Thunderball (1965)
tt0062512,You Only Live Twice (1967)
tt0113189,GoldenEye (1995)
tt0310793,Bowling for Columbine (2002)
tt0083944,First Blood (1982)
tt0198781,"Monsters, Inc. (2001)"
tt0120912,Men in Black II (2002)
tt0120616,The Mummy (1999)
tt0209163,The Mummy Returns (2001)
tt0387564,Saw (2004)
tt0391198,The Grudge (2004)
tt0339291,A Series of Unfortunate Events (2004)
tt0346156,Sky Captain and the World of Tomorrow (2004)
tt0363988,Secret Window (2004)
tt0063350,Night of the Living Dead (1968)
tt0056172,Lawrence of Arabia (1962)
tt0101540,Cape Fear (1991)
tt0087800,A Nightmare on Elm Street (1984)
tt0089686,A Nightmare on Elm Street 2: Freddy's Revenge (1985)
tt0093629,A Nightmare on Elm Street 3: Dream Warriors (1987)
tt0240772,Ocean's Eleven (2001)
tt0212985,Hannibal (2001)
tt0144084,American Psycho (2000)
tt0091064,The Fly (1986)
tt0077651,Halloween (1978)
tt0258000,Panic Room (2002)
tt0361596,Fahrenheit 9/11 (2004)
tt0286716,Hulk (2003)
tt0390521,Super Size Me (2004)
tt0183649,Phone Booth (2002)
tt0052618,Ben-Hur (1959)
tt0093748,"Planes, Trains & Automobiles (1987)"
tt0133152,Planet of the Apes (2001)
tt0290002,Meet the Fockers (2004)
tt0110912,Pulp Fiction (1994)
tt0195714,Final Destination (2000)
tt0112384,Apollo 13 (1995)
tt0220506,Halloween: Resurrection (2002)
tt0075860,Close Encounters of the Third Kind (1977)
tt0256380,Shallow Hal (2001)
tt0095953,Rain Man (1988)
tt0113277,Heat (1995)
tt0063522,Rosemary's Baby (1968)
tt0083866,E.T. the Extra-Terrestrial (1982)
tt0105236,Reservoir Dogs (1992)
tt0093870,RoboCop (1987)
tt0110148,Interview with the Vampire: The Vampire Chronicles (1994)
tt0117500,The Rock (1996)
tt0338348,The Polar Express (2004)
tt0209958,The Cell (2000)
tt0382077,Hide and Seek (2005)
tt0289765,Red Dragon (2002)
tt0175142,Scary Movie (2000)
tt0332379,School of Rock (2003)
tt0377092,Mean Girls (2004)
tt0117571,Scream (1996)
tt0114369,Se7en (1995)
tt0049406,The Killing (1956)
tt0327056,Mystic River (2003)
tt0365748,Shaun of the Dead (2004)
tt0090728,Big Trouble in Little China (1986)
tt0075314,Taxi Driver (1976)
tt0309593,Final Destination 2 (2003)
tt0319343,Elf (2003)
tt0303816,Cabin Fever (2002)
tt0095179,Friday the 13th Part VII: The New Blood (1988)
tt0145660,Austin Powers: The Spy Who Shagged Me (1999)
tt0159365,Cold Mountain (2003)
tt0090756,Blue Velvet (1986)
tt0105695,Unforgiven (1992)
tt0203009,Moulin Rouge! (2001)
tt0096895,Batman (1989)
tt0070047,The Exorcist (1973)
tt0081505,The Shining (1980)
tt0116282,Fargo (1996)
tt0108052,Schindler's List (1993)
tt0049366,Invasion of the Body Snatchers (1956)
tt0074285,Carrie (1976)
tt0332280,The Notebook (2004)
tt0114746,12 Monkeys (1995)
tt0064757,On Her Majesty's Secret Service (1969)
tt0314331,Love Actually (2003)
tt0126029,Shrek (2001)
tt0298148,Shrek 2 (2004)
tt0024216,King Kong (1933)
tt0253474,The Pianist (2002)
tt0083929,Fast Times at Ridgemont High (1982)
tt0119217,Good Will Hunting (1997)
tt0317248,City of God (2002)
tt0151804,Office Space (1999)
tt0099348,Dances with Wolves (1990)
tt0094291,Wall Street (1987)
tt0120915,Star Wars: Episode I
tt0121765,Star Wars: Episode II
tt0087363,Gremlins (1984)
tt0093894,The Running Man (1987)
tt0102926,The Silence of the Lambs (1991)
tt0167404,The Sixth Sense (1999)
tt0315733,21 Grams (2003)
tt0111257,Speed (1994)
tt0230600,The Others (2001)
tt0245429,Spirited Away (2001)
tt0251736,House of 1000 Corpses (2003)
tt0338526,Van Helsing (2004)
tt0056592,To Kill a Mockingbird (1962)
tt0370263,Alien vs. Predator (2004)
tt0076759,Star Wars: Episode IV
tt0080684,Star Wars: Episode V
tt0086190,Star Wars: Episode VI
tt0051201,Witness for the Prosecution (1957)
tt0289043,28 Days Later (2002)
tt0053125,North by Northwest (1959)
tt0120201,Starship Troopers (1997)
tt0114814,The Usual Suspects (1995)
tt0088258,This Is Spinal Tap (1984)
tt0093773,Predator (1987)
tt0078346,Superman (1978)
tt0081573,Superman II (1980)
tt0065214,The Wild Bunch (1969)
tt0130827,Run Lola Run (1998)
tt0145487,Spider-Man (2002)
tt0088247,The Terminator (1984)
tt0103064,Terminator 2: Judgment Day (1991)
tt0181852,Terminator 3: Rise of the Machines (2003)
tt0129387,There's Something About Mary (1998)
tt0084787,The Thing (1982)
tt0100802,Total Recall (1990)
tt0120363,Toy Story 2 (1999)
tt0118799,Life Is Beautiful (1997)
tt0139654,Training Day (2001)
tt0086979,Blood Simple (1984)
tt0087469,Indiana Jones and the Temple of Doom (1984)
tt0268126,Adaptation. (2002)
tt0335266,Lost in Translation (2003)
tt0053291,Some Like It Hot (1959)
tt0215750,Enemy at the Gates (2001)
tt0362270,The Life Aquatic with Steve Zissou (2004)
tt0113497,Jumanji (1995)
tt0101414,Beauty and the Beast (1991)
tt0088944,Commando (1985)
tt0110413,Léon: The Professional (1994)
tt0050083,12 Angry Men (1957)
tt0360486,Constantine (2005)
tt0057115,The Great Escape (1963)
tt0033870,The Maltese Falcon (1941)
tt0055830,Carnival of Souls (1962)
tt0091080,Friday the 13th Part VI: Jason Lives (1986)
tt0029843,The Adventures of Robin Hood (1938)
tt0021814,Dracula (1931)
tt0361862,The Machinist (2004)
tt0330793,The Punisher (2004)
tt0362227,The Terminal (2004)
tt0109506,The Crow (1994)
tt0077402,Dawn of the Dead (1978)
tt0080749,The Fog (1980)
tt0119528,Liar Liar (1997)
tt0070355,Magnum Force (1973)
tt0311429,The League of Extraordinary Gentlemen (2003)
tt0120611,Blade (1998)
tt0077766,Jaws 2 (1978)
tt0257044,Road to Perdition (2002)
tt0095765,Cinema Paradiso (1988)
tt0088847,The Breakfast Club (1985)
tt0109040,Ace Ventura: Pet Detective (1994)
tt0080339,Airplane! (1980)
tt0074119,All the President's Men (1976)
tt0163651,American Pie (1999)
tt0120591,Armageddon (1998)
tt0295178,Austin Powers in Goldmember (2002)
tt0085334,A Christmas Story (1983)
tt0057012,Dr. Strangelove or: How I Learned to Stop Worrying and Love the Bomb (1964)
tt0023969,Duck Soup (1933)
tt0109707,Ed Wood (1994)
tt0099685,Goodfellas (1990)
tt0164052,Hollow Man (2000)
tt0119396,Jackie Brown (1997)
tt0163025,Jurassic Park III (2001)
tt0212338,Meet the Parents (2000)
tt0166924,Mulholland Drive (2001)
tt0097958,National Lampoon's Christmas Vacation (1989)
tt0052077,Plan 9 from Outer Space (1957)
tt0054215,Psycho (1960)
tt0047396,Rear Window (1954)
tt0056218,The Manchurian Candidate (1962)
tt0217869,Unbreakable (2000)
tt0096438,Who Framed Roger Rabbit (1988)
tt0072431,Young Frankenstein (1974)
tt0364569,Oldboy (2003)
tt0046876,Creature from the Black Lagoon (1954)
tt0058329,Marnie (1964)
tt0134119,The Talented Mr. Ripley (1999)
tt0096256,They Live (1988)
tt0055614,West Side Story (1961)
tt0066995,Diamonds Are Forever (1971)
tt0079574,Moonraker (1979)
tt0071807,The Man with the Golden Gun (1974)
tt0172156,Bad Boys II (2003)
tt0309698,Identity (2003)
tt0118929,Dark City (1998)
tt0090264,A View to a Kill (1985)
tt0089927,Rocky IV (1985)
tt0086034,Octopussy (1983)
tt0181875,Almost Famous (2000)
tt0047296,On the Waterfront (1954)
tt0070909,Westworld (1973)
tt0322259,2 Fast 2 Furious (2003)
tt0119654,Men in Black (1997)
tt0306047,Scary Movie 3 (2003)
tt0068646,The Godfather (1972)
tt0137523,Fight Club (1999)
tt0180093,Requiem for a Dream (2000)
tt0120689,The Green Mile (1999)
tt0265666,The Royal Tenenbaums (2001)
tt0213149,Pearl Harbor (2001)
tt0093177,Hellraiser (1987)
tt0070735,The Sting (1973)
tt0071360,The Conversation (1974)
tt0099487,Edward Scissorhands (1990)
tt0093428,The Living Daylights (1987)
tt0097742,Licence to Kill (1989)
tt0031381,Gone with the Wind (1939)
tt0071315,Chinatown (1974)
tt0059742,The Sound of Music (1965)
tt0093779,The Princess Bride (1987)
tt0084516,Poltergeist (1982)
tt0033467,Citizen Kane (1941)
tt0066921,A Clockwork Orange (1971)
tt0146316,Lara Croft: Tomb Raider (2001)
tt0112462,Batman Forever (1995)
tt0103776,Batman Returns (1992)
tt0298130,The Ring (2002)
tt0073486,One Flew Over the Cuckoo's Nest (1975)
tt0056869,The Birds (1963)
tt0050212,The Bridge on the River Kwai (1957)
tt0299658,Chicago (2002)
tt0211443,Jason X (2001)
tt0117998,Twister (1996)
tt0103772,Basic Instinct (1992)
tt0082340,Escape from New York (1981)
tt0329101,Freddy vs. Jason (2003)
tt0078788,Apocalypse Now (1979)
tt0102138,JFK (1991)
tt0162661,Sleepy Hollow (1999)
tt0175880,Magnolia (1999)
tt0105323,Scent of a Woman (1992)
tt0272338,Punch-Drunk Love (2002)
tt0049223,Forbidden Planet (1956)
tt0266308,Battle Royale (2000)
tt0080120,The Warriors (1979)
tt0071562,The Godfather Part II (1974)
tt0099674,The Godfather Part III (1990)
tt0293662,The Transporter (2002)
tt0278504,Insomnia (2002)
tt0064665,Midnight Cowboy (1969)
tt0032976,Rebecca (1940)
tt0092991,Evil Dead II (1987)
tt0054331,Spartacus (1960)
tt0126886,Election (1999)
tt0083907,The Evil Dead (1981)
tt0032138,The Wizard of Oz (1939)
tt0319262,The Day After Tomorrow (2004)
tt0268380,Ice Age (2002)
tt0076786,Suspiria (1977)
tt0061418,Bonnie and Clyde (1967)
tt0082096,Das Boot (1981)
tt0109830,Forrest Gump (1994)
tt0161081,What Lies Beneath (2000)
tt0177789,Galaxy Quest (1999)
tt0094226,The Untouchables (1987)
tt0099810,The Hunt for Red October (1990)
tt0250494,Legally Blonde (2001)
tt0287978,Daredevil (2003)
tt0259711,Vanilla Sky (2001)
tt0377109,The Ring Two (2005)
tt0373074,Kung Fu Hustle (2004)
tt0038650,It's a Wonderful Life (1946)
tt0280707,Gosford Park (2001)
tt0110475,The Mask (1994)
tt0075005,The Omen (1976)
tt0037008,Laura (1944)
tt0049730,The Searchers (1956)
tt0134084,Scream 3 (2000)
tt0087843,Once Upon a Time in America (1984)
tt0114709,Toy Story (1995)
tt0290334,X2: X-Men United (2003)
tt0087332,Ghostbusters (1984)
tt0087182,Dune (1984)
tt0094862,Child's Play (1988)
tt0110357,The Lion King (1994)
tt0099253,Child's Play 2 (1990)
tt0085636,Halloween III: Season of the Witch (1982)
tt0190590,"O Brother, Where Art Thou? (2000)"
tt0040746,Rope (1948)
tt0064116,Once Upon a Time in the West (1968)
tt0110632,Natural Born Killers (1994)
tt0103074,Thelma & Louise (1991)
tt0315327,Bruce Almighty (2003)
tt0119822,As Good as It Gets (1997)
tt0073629,The Rocky Horror Picture Show (1975)
tt0169547,American Beauty (1999)
tt0081398,Raging Bull (1980)
tt0085794,The King of Comedy (1982)
tt0117951,Trainspotting (1996)
tt0062765,Bullitt (1968)
tt0164184,The Sum of All Fears (2002)
tt0090859,Cobra (1986)
tt0181865,Traffic (2000)
tt0112641,Casino (1995)
tt0100405,Pretty Woman (1990)
tt0177971,The Perfect Storm (2000)
tt0140352,The Insider (1999)
tt0068473,Deliverance (1972)
tt0238380,Equilibrium (2002)
tt0092005,Stand by Me (1986)
tt0401792,Sin City (2005)
tt0112442,Bad Boys (1995)
tt0196229,Zoolander (2001)
tt0106308,Army of Darkness (1992)
tt0026029,The 39 Steps (1935)
tt0099423,Die Hard 2 (1990)
tt0053604,The Apartment (1960)
tt0112864,Die Hard with a Vengeance (1995)
tt0119177,Gattaca (1997)
tt0040897,The Treasure of the Sierra Madre (1948)
tt0093300,Jaws: The Revenge (1987)
tt0320691,Underworld (2003)
tt0066999,Dirty Harry (1971)
tt0185937,The Blair Witch Project (1999)
tt0057129,The Haunting (1963)
tt0049470,The Man Who Knew Too Much (1956)
tt0052311,Touch of Evil (1958)
tt0324216,The Texas Chainsaw Massacre (2003)
tt0107254,Jason Goes to Hell: The Final Friday (1993)
tt0096754,The Abyss (1989)
tt0071222,Black Christmas (1974)
tt0100403,Predator 2 (1990)
tt0113253,Halloween: The Curse of Michael Myers (1995)
tt0206314,Joy Ride (2001)
tt0119008,Donnie Brasco (1997)
tt0106856,Falling Down (1993)
tt0384806,The Amityville Horror (2005)
tt0091763,Platoon (1986)
tt0079501,Mad Max (1979)
tt0087298,Friday the 13th: The Final Chapter (1984)
tt0094012,Spaceballs (1987)
tt0082694,The Road Warrior (1981)
tt0082418,Friday the 13th Part 2 (1981)
tt0088846,Brazil (1985)
tt0120586,American History X (1998)
tt0064115,Butch Cassidy and the Sundance Kid (1969)
tt0119081,Event Horizon (1997)
tt0093010,Fatal Attraction (1987)
tt0120669,Fear and Loathing in Las Vegas (1998)
tt0375679,Crash (2004)
tt0068611,Frenzy (1972)
tt0120681,From Hell (2001)
tt0091042,Ferris Bueller's Day Off (1986)
tt0274558,The Hours (2002)
tt0371724,The Hitchhiker's Guide to the Galaxy (2005)
tt0089530,Mad Max Beyond Thunderdome (1985)
tt0043456,The Day the Earth Stood Still (1951)
tt0119567,The Lost World: Jurassic Park (1997)
tt0119698,Princess Mononoke (1997)
tt0108399,True Romance (1993)
tt0048424,The Night of the Hunter (1955)
tt0320661,Kingdom of Heaven (2005)
tt0017136,Metropolis (1927)
tt0258463,The Bourne Identity (2002)
tt0047478,Seven Samurai (1954)
tt0030341,The Lady Vanishes (1938)
tt0089880,Rambo: First Blood Part II (1985)
tt0397065,House of Wax (2005)
tt0121766,Star Wars: Episode III
tt0311113,Master and Commander: The Far Side of the World (2003)
tt0044706,High Noon (1952)
tt0080761,Friday the 13th (1980)
tt0043014,Sunset Blvd. (1950)
tt0089175,Fright Night (1985)
tt0187393,The Patriot (2000)
tt0086879,Amadeus (1984)
tt0041959,The Third Man (1949)
tt0211915,Amélie (2001)
tt0046912,Dial M for Murder (1954)
tt0118749,Boogie Nights (1997)
tt0119116,The Fifth Element (1997)
tt0050976,The Seventh Seal (1957)
tt0195685,Erin Brockovich (2000)
tt0036342,Shadow of a Doubt (1943)
tt0190332,"Crouching Tiger, Hidden Dragon (2000)"
tt0107688,The Nightmare Before Christmas (1993)
tt0118715,The Big Lebowski (1998)
tt0093058,Full Metal Jacket (1987)
tt0054698,Breakfast at Tiffany's (1961)
tt0149261,Deep Blue Sea (1999)
tt0085333,Christine (1983)
tt0042192,All About Eve (1950)
tt0054047,The Magnificent Seven (1960)
tt0352248,Cinderella Man (2005)
tt0084602,Rocky III (1982)
tt0356910,Mr. & Mrs. Smith (2005)
tt0061722,The Graduate (1967)
tt0044121,The Thing from Another World (1951)
tt0052357,Vertigo (1958)
tt0097428,Ghostbusters II (1989)
tt0118571,Air Force One (1997)
tt0372784,Batman Begins (2005)
tt0103639,Aladdin (1992)
tt0075686,Annie Hall (1977)
tt0120685,Godzilla (1998)
tt0099785,Home Alone (1990)
tt0120082,Scream 2 (1997)
tt0120663,Eyes Wide Shut (1999)
tt0067992,Willy Wonka & the Chocolate Factory (1971)
tt0044079,Strangers on a Train (1951)
tt0142688,The Ninth Gate (1999)
tt0418819,Land of the Dead (2005)
tt0160127,Charlie's Angels (2000)
tt0058461,A Fistful of Dollars (1964)
tt0059578,For a Few Dollars More (1965)
tt0407304,War of the Worlds (2005)
tt0089218,The Goonies (1985)
tt0021884,Frankenstein (1931)
tt0120903,X-Men (2000)
tt0097474,Halloween 5: The Revenge of Michael Myers (1989)
tt0100150,Miller's Crossing (1990)
tt0026138,The Bride of Frankenstein (1935)
tt0232500,The Fast and the Furious (2001)
tt0036775,Double Indemnity (1944)
tt0120667,Fantastic Four (2005)
tt0268978,A Beautiful Mind (2001)
tt0032553,The Great Dictator (1940)
tt0048728,To Catch a Thief (1955)
tt0435625,The Descent (2005)
tt0072271,The Texas Chain Saw Massacre (1974)
tt0080678,The Elephant Man (1980)
tt0082398,For Your Eyes Only (1981)
tt0056923,Charade (1963)
tt0097165,Dead Poets Society (1989)
tt0040522,Bicycle Thieves (1948)
tt0077416,The Deer Hunter (1978)
tt0120660,Enemy of the State (1998)
tt0022100,M (1931)
tt0072684,Barry Lyndon (1975)
tt0093822,Raising Arizona (1987)
tt0367594,Charlie and the Chocolate Factory (2005)
tt0396269,Wedding Crashers (2005)
tt0048545,Rebel Without a Cause (1955)
tt0399201,The Island (2005)
tt0084726,Star Trek II: The Wrath of Khan (1982)
tt0079945,Star Trek: The Motion Picture (1979)
tt0395584,The Devil's Rejects (2005)
tt0077631,Grease (1978)
tt0095742,A Nightmare on Elm Street 4: The Dream Master (1988)
tt0072890,Dog Day Afternoon (1975)
tt0416315,Wolf Creek (2005)
tt0412019,Broken Flowers (2005)
tt0086960,Beverly Hills Cop (1984)
tt0421239,Red Eye (2005)
tt0051554,Horror of Dracula (1958)
tt0119174,The Game (1997)
tt0074486,Eraserhead (1977)
tt0082010,An American Werewolf in London (1981)
tt0397101,The Skeleton Key (2005)
tt0061512,Cool Hand Luke (1967)
tt0091474,Manhunter (1986)
tt0405422,The 40-Year-Old Virgin (2005)
tt0116695,Jerry Maguire (1996)
tt0208092,Snatch (2000)
tt0379786,Serenity (2005)
tt0134847,Pitch Black (2000)
tt0064276,Easy Rider (1969)
tt0387131,The Constant Gardener (2005)
tt0120863,The Thin Red Line (1998)
tt0404032,The Exorcism of Emily Rose (2005)
tt0083972,Friday the 13th Part III (1982)
tt0084805,Tootsie (1982)
tt0312004,Wallace & Gromit: The Curse of the Were-Rabbit (2005)
tt0143145,The World Is Not Enough (1999)
tt0038787,Notorious (1946)
tt0399295,Lord of War (2005)
tt0399146,A History of Violence (2005)
tt0408790,Flightplan (2005)
tt0433383,"Good Night, and Good Luck. (2005)"
tt0121164,Corpse Bride (2005)
tt0388795,Brokeback Mountain (2005)
tt0379725,Capote (2005)
tt0120694,Halloween H20: 20 Years Later (1998)
tt0061811,In the Heat of the Night (1967)
tt0373469,Kiss Kiss Bang Bang (2005)
tt0432348,Saw II (2005)
tt0097388,Friday the 13th Part VIII: Jason Takes Manhattan (1989)
tt0089173,Friday the 13th: A New Beginning (1985)
tt0418763,Jarhead (2005)
tt0092099,Top Gun (1986)
tt0017925,The General (1926)
tt0060196,"The Good, the Bad and the Ugly (1966)"
tt0079817,Rocky II (1979)
tt0330373,Harry Potter and the Goblet of Fire (2005)
tt0257360,About Schmidt (2002)
tt0358273,Walk the Line (2005)
tt0402022,Æon Flux (2005)
tt0092007,Star Trek IV: The Voyage Home (1986)
tt0365737,Syriana (2005)
tt0360717,King Kong (2005)
tt0363771,"The Chronicles of Narnia: The Lion, the Witch and the Wardrobe (2005)"
tt0095956,Rambo III (1988)
tt0063442,Planet of the Apes (1968)
tt0416320,Match Point (2005)
tt0212720,A.I. Artificial Intelligence (2001)
tt0408306,Munich (2005)
tt0402399,The New World (2005)
tt0450278,Hostel (2005)
tt0106697,Demolition Man (1993)
tt0401855,Underworld: Evolution (2006)
tt0414982,Final Destination 3 (2006)
tt0425210,Lucky Number Slevin (2006)
tt0450232,16 Blocks (2006)
tt0454841,The Hills Have Eyes (2006)
tt0434409,V for Vendetta (2005)
tt0427944,Thank You for Smoking (2005)
tt0454848,Inside Man (2006)
tt0393109,Brick (2005)
tt0439815,Slither (2006)
tt0424136,Hard Candy (2005)
tt0384537,Silent Hill (2006)
tt0475276,United 93 (2006)
tt0317919,Mission: Impossible III (2006)
tt0409182,Poseidon (2006)
tt0382625,The Da Vinci Code (2006)
tt0376994,X-Men: The Last Stand (2006)
tt0466909,The Omen (2006)
tt0317219,Cars (2006)
tt0389860,Click (2006)
tt0348150,Superman Returns (2006)
tt0458352,The Devil Wears Prada (2006)
tt0383574,Pirates of the Caribbean: Dead Man's Chest (2006)
tt0449059,Little Miss Sunshine (2006)
tt0452637,Lady in the Water (2006)
tt0430357,Miami Vice (2006)
tt0415306,Talladega Nights: The Ballad of Ricky Bobby (2006)
tt0469641,World Trade Center (2006)
tt0468492,The Host (2006)
tt0417148,Snakes on a Plane (2006)
tt0443543,The Illusionist (2006)
tt0479884,Crank (2006)
tt0436697,The Queen (2006)
tt0387877,The Black Dahlia (2006)
tt0455590,The Last King of Scotland (2006)
tt0422720,Marie Antoinette (2006)
tt0206634,Children of Men (2006)
tt0407887,The Departed (2006)
tt0414993,The Fountain (2006)
tt0418689,Flags of Our Fathers (2006)
tt0482571,The Prestige (2006)
tt0449467,Babel (2006)
tt0443453,Borat (2006)
tt0457430,Pan's Labyrinth (2006)
tt0489270,Saw III (2006)
tt0420223,Stranger Than Fiction (2006)
tt0381061,Casino Royale (2006)
tt0453467,Deja Vu (2006)
tt0450259,Blood Diamond (2006)
tt0472043,Apocalypto (2006)
tt0454921,The Pursuit of Happyness (2006)
tt0479143,Rocky Balboa (2006)
tt0498380,Letters from Iwo Jima (2006)
tt0477347,Night at the Museum (2006)
tt0343737,The Good Shepherd (2006)
tt0443489,Dreamgirls (2006)
tt0465551,Notes on a Scandal (2006)
tt0405094,The Lives of Others (2006)
tt0475394,Smokin' Aces (2006)
tt0259324,Ghost Rider (2007)
tt0425112,Hot Fuzz (2007)
tt0481369,The Number 23 (2007)
tt0443706,Zodiac (2007)
tt0416449,300 (2006)
tt0822854,Shooter (2007)
tt0448134,Sunshine (2007)
tt0486822,Disturbia (2007)
tt0488120,Fracture (2007)
tt0452702,Vacancy (2007)
tt0478311,Knocked Up (2007)
tt0435705,Next (2007)
tt0413300,Spider-Man 3 (2007)
tt0463854,28 Weeks Later (2007)
tt0413267,Shrek the Third (2007)
tt0449088,Pirates of the Caribbean: At World's End (2007)
tt0780571,Mr. Brooks (2007)
tt1028528,Death Proof (2007)
tt0496806,Ocean's Thirteen (2007)
tt0498353,Hostel: Part II (2007)
tt0829482,Superbad (2007)
tt0486576,Fantastic Four: Rise of the Silver Surfer (2007)
tt0450385,1408 (2007)
tt0382932,Ratatouille (2007)
tt0337978,Live Free or Die Hard (2007)
tt0418279,Transformers (2007)
tt0373889,Harry Potter and the Order of the Phoenix (2007)
tt0462538,The Simpsons Movie (2007)
tt0440963,The Bourne Ultimatum (2007)
tt1077258,Planet Terror (2007)
tt0486655,Stardust (2007)
tt0427392,The Invasion (2007)
tt0373883,Halloween (2007)
tt0465602,Shoot 'Em Up (2007)
tt0783233,Atonement (2007)
tt0381849,3:10 to Yuma (2007)
tt0765443,Eastern Promises (2007)
tt0467406,Juno (2007)
tt0758758,Into the Wild (2007)
tt0292963,Before the Devil Knows You're Dead (2007)
tt0432021,Resident Evil: Extinction (2007)
tt0443680,The Assassination of Jesse James by the Coward Robert Ford (2007)
tt0465538,Michael Clayton (2007)
tt0477348,No Country for Old Men (2007)
tt0389722,30 Days of Night (2007)
tt0452623,Gone Baby Gone (2007)
tt0765429,American Gangster (2007)
tt0890870,Saw IV (2007)
tt0442933,Beowulf (2007)
tt0884328,The Mist (2007)
tt0461770,Enchanted (2007)
tt0385752,The Golden Compass (2007)
tt0469494,There Will Be Blood (2007)
tt0480249,I Am Legend (2007)
tt0465234,National Treasure: Book of Secrets (2007)
tt0408236,Sweeney Todd: The Demon Barber of Fleet Street (2007)
tt0472062,Charlie Wilson's War (2007)
tt0825232,The Bucket List (2007)
tt0758730,Aliens vs. Predator: Requiem (2007)
tt1060277,Cloverfield (2008)
tt0462499,Rambo (2008)
tt0780536,In Bruges (2008)
tt0489099,Jumper (2008)
tt0903747,Breaking Bad (TV Series 2008–2013)
tt0443274,Vantage Point (2008)
tt0963794,The Ruins (2008)
tt0800039,Forgetting Sarah Marshall (2008)
tt0371746,Iron Man (2008)
tt0936501,Taken (2008)
tt0367882,Indiana Jones and the Kingdom of the Crystal Skull (2008)
tt0482606,The Strangers (2008)
tt0441773,Kung Fu Panda (2008)
tt0960144,You Don't Mess with the Zohan (2008)
tt0800080,The Incredible Hulk (2008)
tt0949731,The Happening (2008)
tt0425061,Get Smart (2008)
tt0493464,Wanted (2008)
tt0910970,WALL·E (2008)
tt0448157,Hancock (2008)
tt0795421,Mamma Mia! (2008)
tt0411477,Hellboy II: The Golden Army (2008)
tt0468569,The Dark Knight (2008)
tt0838283,Step Brothers (2008)
tt0910936,Pineapple Express (2008)
tt0859163,The Mummy: Tomb of the Dragon Emperor (2008)
tt0942385,Tropic Thunder (2008)
tt0497465,Vicky Cristina Barcelona (2008)
tt0887883,Burn After Reading (2008)
tt1125849,The Wrestler (2008)
tt1059786,Eagle Eye (2008)
tt0824747,Changeling (2008)
tt0758774,Body of Lies (2008)
tt0887912,The Hurt Locker (2008)
tt1139797,Let the Right One In (2008)
tt1175491,W. (2008)
tt0830515,Quantum of Solace (2008)
tt1010048,Slumdog Millionaire (2008)
tt0870111,Frost/Nixon (2008)
tt1099212,Twilight (2008)
tt0455824,Australia (2008)
tt1013753,Milk (2008)
tt0970416,The Day the Earth Stood Still (2008)
tt0918927,Doubt (2008)
tt1205489,Gran Torino (2008)
tt1068680,Yes Man (2008)
tt0814314,Seven Pounds (2008)
tt0985699,Valkyrie (2008)
tt0421715,The Curious Case of Benjamin Button (2008)
tt0976051,The Reader (2008)
tt0959337,Revolutionary Road (2008)
tt0327597,Coraline (2009)
tt0758746,Friday the 13th (2009)
tt0409459,Watchmen (2009)
tt1132620,The Girl with the Dragon Tattoo (2009)
tt0844708,The Last House on the Left (2009)
tt0448011,Knowing (2009)
tt1013752,Fast & Furious (2009)
tt0473705,State of Play (2009)
tt0458525,X-Men Origins: Wolverine (2009)
tt0796366,Star Trek (2009)
tt0808151,Angels & Demons (2009)
tt0438488,Terminator Salvation (2009)
tt1127180,Drag Me to Hell (2009)
tt1049413,Up (2009)
tt0870984,Antichrist (2009)
tt1119646,The Hangover (2009)
tt1041829,The Proposal (2009)
tt1111422,The Taking of Pelham 123 (2009)
tt1055369,Transformers: Revenge of the Fallen (2009)
tt1182345,Moon (2009)
tt1152836,Public Enemies (2009)
tt1022603,500 Days of Summer (2009)
tt0417741,Harry Potter and the Half-Blood Prince (2009)
tt1148204,Orphan (2009)
tt1046173,G.I. Joe: The Rise of Cobra (2009)
tt0361748,Inglourious Basterds (2009)
tt1136608,District 9 (2009)
tt1311067,Halloween II (2009)
tt0433362,Daybreakers (2009)
tt1174732,An Education (2009)
tt1193138,Up in the Air (2009)
tt1156398,Zombieland (2009)
tt0898367,The Road (2009)
tt1188729,Pandorum (2009)
tt0929632,Precious (2009)
tt1019452,A Serious Man (2009)
tt1179904,Paranormal Activity (2007)
tt1197624,Law Abiding Citizen (2009)
tt0432283,Fantastic Mr. Fox (2009)
tt1234548,The Men Who Stare at Goats (2009)
tt1190080,2012 (2009)
tt0878804,The Blind Side (2009)
tt0380510,The Lovely Bones (2009)
tt1057500,Invictus (2009)
tt1263670,Crazy Heart (2009)
tt0499549,Avatar (2009)
tt0988045,Sherlock Holmes (2009)
tt1037705,The Book of Eli (2010)
tt1226273,Edge of Darkness (2010)
tt0780653,The Wolfman (2010)
tt1130884,Shutter Island (2010)
tt0455407,The Crazies (2010)
tt1139328,The Ghost Writer (2010)
tt1014759,Alice in Wonderland (2010)
tt0892769,How to Train Your Dragon (2010)
tt1250777,Kick-Ass (2010)
tt0800320,Clash of the Titans (2010)
tt1279935,Date Night (2010)
tt1228705,Iron Man 2 (2010)
tt1179056,A Nightmare on Elm Street (2010)
tt0955308,Robin Hood (2010)
tt0473075,Prince of Persia: The Sands of Time (2010)
tt0429493,The A-Team (2010)
tt1399683,Winter's Bone (2010)
tt0435761,Toy Story 3 (2010)
tt1013743,Knight and Day (2010)
tt1424381,Predators (2010)
tt1323594,Despicable Me (2010)
tt1375666,Inception (2010)
tt0842926,The Kids Are All Right (2010)
tt0944835,Salt (2010)
tt0446029,Scott Pilgrim vs. the World (2010)
tt1386588,The Other Guys (2010)
tt1320253,The Expendables (2010)
tt0464154,Piranha 3D (2010)
tt1440728,The American (2010)
tt0985694,Machete (2010)
tt1228987,Let Me In (2010)
tt1314655,Devil (2010)
tt1591095,Insidious (2010)
tt1282140,Easy A (2010)
tt0840361,The Town (2010)
tt0947798,Black Swan (2010)
tt1462758,Buried (2010)
tt1285016,The Social Network (2010)
tt1245526,RED (2010)
tt1212419,Hereafter (2010)
tt0477080,Unstoppable (2010)
tt1542344,127 Hours (2010)
tt0926084,Harry Potter and the Deathly Hallows: Part 1 (2010)
tt0398286,Tangled (2010)
tt1504320,The King's Speech (2010)
tt1243957,The Tourist (2010)
tt1120985,Blue Valentine (2010)
tt1104001,TRON: Legacy (2010)
tt0964517,The Fighter (2010)
tt1403865,True Grit (2010)
tt0990407,The Green Hornet (2011)
tt1401152,Unknown (2011)
tt1092026,Paul (2011)
tt1192628,Rango (2011)
tt1385826,The Adjustment Bureau (2011)
tt1217613,Battle Los Angeles (2011)
tt1219289,Limitless (2011)
tt0978764,Sucker Punch (2011)
tt0945513,Source Code (2011)
tt0993842,Hanna (2011)
tt1262416,Scream 4 (2011)
tt0944947,Game of Thrones (TV Series 2011–2019)
tt0800369,Thor (2011)
tt1596343,Fast Five (2011)
tt1478338,Bridesmaids (2011)
tt1298650,Pirates of the Caribbean: On Stranger Tides (2011)
tt1411697,The Hangover Part II (2011)
tt1527186,Melancholia (2011)
tt0478304,The Tree of Life (2011)
tt1605783,Midnight in Paris (2011)
tt1270798,X-Men: First Class (2011)
tt1650062,Super 8 (2011)
tt1133985,Green Lantern (2011)
tt1284575,Bad Teacher (2011)
tt1399103,Transformers: Dark of the Moon (2011)
tt1499658,Horrible Bosses (2011)
tt1201607,Harry Potter and the Deathly Hallows: Part 2 (2011)
tt1570728,"Crazy, Stupid, Love. (2011)"
tt0458339,Captain America: The First Avenger (2011)
tt0409847,Cowboys & Aliens (2011)
tt1318514,Rise of the Planet of the Apes (2011)
tt1306980,50/50 (2011)
tt1454029,The Help (2011)
tt1598778,Contagion (2011)
tt0780504,Drive (2011)
tt1291584,Warrior (2011)
tt1899353,The Raid: Redemption (2011)
tt1210166,Moneyball (2011)
tt1340800,Tinker Tailor Soldier Spy (2011)
tt1723811,Shame (2011)
tt0433035,Real Steel (2011)
tt1124035,The Ides of March (2011)
tt0905372,The Thing (2011)
tt0983193,The Adventures of Tintin (2011)
tt1637688,In Time (2011)
tt1655442,The Artist (2011)
tt1033575,The Descendants (2011)
tt1616195,J. Edgar (2011)
tt0970179,Hugo (2011)
tt1204342,The Muppets (2011)
tt1675434,The Intouchables (2011)
tt1568911,War Horse (2011)
tt1515091,Sherlock Holmes: A Game of Shadows (2011)
tt1229238,Mission: Impossible
tt1568346,The Girl with the Dragon Tattoo (2011)
tt1007029,The Iron Lady (2011)
tt1506999,Haywire (2011)
tt1601913,The Grey (2011)
tt1706593,Chronicle (2012)
tt1596365,The Woman in Black (2012)
tt1599348,Safe House (2012)
tt0401729,John Carter (2012)
tt1232829,21 Jump Street (2012)
tt1259521,The Cabin in the Woods (2011)
tt1392170,The Hunger Games (2012)
tt1440129,Battleship (2012)
tt0848228,The Avengers (2012)
tt1077368,Dark Shadows (2012)
tt1645170,The Dictator (2012)
tt1409024,Men in Black 3 (2012)
tt1735898,Snow White and the Huntsman (2012)
tt1446714,Prometheus (2012)
tt1748122,Moonrise Kingdom (2012)
tt1217209,Brave (2012)
tt1611224,Abraham Lincoln: Vampire Hunter (2012)
tt0948470,The Amazing Spider-Man (2012)
tt1637725,Ted (2012)
tt1345836,The Dark Knight Rises (2012)
tt1212450,Lawless (2012)
tt1386703,Total Recall (2012)
tt1194173,The Bourne Legacy (2012)
tt1764651,The Expendables 2 (2012)
tt1659337,The Perks of Being a Wallflower (2012)
tt1343727,Dredd (2012)
tt1024648,Argo (2012)
tt1371111,Cloud Atlas (2012)
tt1649419,The Impossible (2012)
tt1560747,The Master (2012)
tt1855199,End of Watch (2012)
tt1764234,Killing Them Softly (2012)
tt1276104,Looper (2012)
tt0454876,Life of Pi (2012)
tt1397280,Taken 2 (2012)
tt1922777,Sinister (2012)
tt1907668,Flight (2012)
tt2106476,The Hunt (2012)
tt1074638,Skyfall (2012)
tt1772341,Wreck-It Ralph (2012)
tt0975645,Hitchcock (2012)
tt0443272,Lincoln (2012)
tt1045658,Silver Linings Playbook (2012)
tt0903624,The Hobbit: An Unexpected Journey (2012)
tt1790885,Zero Dark Thirty (2012)
tt0790724,Jack Reacher (2012)
tt1853728,Django Unchained (2012)
tt1707386,Les Misérables (2012)
tt1321870,Gangster Squad (2013)
tt1549920,The Last Stand (2013)
tt2023587,Mama (2013)
tt1428538,Hansel & Gretel: Witch Hunters (2013)
tt1588173,Warm Bodies (2013)
tt1606378,A Good Day to Die Hard (2013)
tt2053463,Side Effects (2013)
tt1817273,The Place Beyond the Pines (2012)
tt1623205,Oz the Great and Powerful (2013)
tt1288558,Evil Dead (2013)
tt1911644,The Call (2013)
tt2302755,Olympus Has Fallen (2013)
tt1483013,Oblivion (2013)
tt1300854,Iron Man 3 (2013)
tt1980209,Pain & Gain (2013)
tt1935179,Mud (2012)
tt1408101,Star Trek Into Darkness (2013)
tt1343092,The Great Gatsby (2013)
tt1905041,Fast & Furious 6 (2013)
tt1951261,The Hangover Part III (2013)
tt1602613,Only God Forgives (2013)
tt1670345,Now You See Me (2013)
tt2184339,The Purge (2013)
tt1815862,After Earth (2013)
tt1245492,This Is the End (2013)
tt0770828,Man of Steel (2013)
tt1453405,Monsters University (2013)
tt0816711,World War Z (2013)
tt2404463,The Heat (2013)
tt2334879,White House Down (2013)
tt1457767,The Conjuring (2013)
tt1210819,The Lone Ranger (2013)
tt1663662,Pacific Rim (2013)
tt1213663,The World's End (2013)
tt1430132,The Wolverine (2013)
tt2334873,Blue Jasmine (2013)
tt1723121,We're the Millers (2013)
tt1535108,Elysium (2013)
tt1327773,The Butler (2013)
tt1650554,Kick-Ass 2 (2013)
tt1441395,Under the Skin (2013)
tt1979320,Rush (2013)
tt1392214,Prisoners (2013)
tt0790636,Dallas Buyers Club (2013)
tt2388715,Oculus (2013)
tt2226417,Insidious: Chapter 2 (2013)
tt2404311,The Family (2013)
tt2024544,12 Years a Slave (2013)
tt1454468,Gravity (2013)
tt2042568,Inside Llewyn Davis (2013)
tt1535109,Captain Phillips (2013)
tt1322269,August: Osage County (2013)
tt0359950,The Secret Life of Walter Mitty (2013)
tt2017038,All Is Lost (2013)
tt1821549,Nebraska (2013)
tt1211956,Escape Plan (2013)
tt1798709,Her (2013)
tt1939659,Carrie (2013)
tt1731141,Ender's Game (2013)
tt1981115,Thor: The Dark World (2013)
tt2431286,Philomena (2013)
tt2140373,Saving Mr. Banks (2013)
tt1951264,The Hunger Games: Catching Fire (2013)
tt2294629,Frozen (2013)
tt1170358,The Hobbit: The Desolation of Smaug (2013)
tt1800241,American Hustle (2013)
tt0993846,The Wolf of Wall Street (2013)
tt1091191,Lone Survivor (2013)
tt1205537,Jack Ryan: Shadow Recruit (2014)
tt1706620,Snowpiercer (2013)
tt1234721,RoboCop (2014)
tt1490017,The Lego Movie (2014)
tt2177771,The Monuments Men (2014)
tt2024469,Non-Stop (2014)
tt1253863,300: Rise of an Empire (2014)
tt2278388,The Grand Budapest Hotel (2014)
tt1840309,Divergent (2014)
tt2316411,Enemy (2013)
tt1959490,Noah (2014)
tt1843866,Captain America: The Winter Soldier (2014)
tt2209764,Transcendence (2014)
tt1872181,The Amazing Spider-Man 2 (2014)
tt2004420,Neighbors (2014)
tt2883512,Chef (2014)
tt0831387,Godzilla (2014)
tt1877832,X-Men: Days of Future Past (2014)
tt1587310,Maleficent (2014)
tt2582846,The Fault in Our Stars (2014)
tt2557490,A Million Ways to Die in the West (2014)
tt1631867,Edge of Tomorrow (2014)
tt1646971,How to Train Your Dragon 2 (2014)
tt2294449,22 Jump Street (2014)
tt2109248,Transformers: Age of Extinction (2014)
tt1065073,Boyhood (2014)
tt2103281,Dawn of the Planet of the Apes (2014)
tt2975578,The Purge: Anarchy (2014)
tt2872732,Lucy (2014)
tt2015381,Guardians of the Galaxy (2014)
tt2333784,The Expendables 3 (2014)
tt1291150,Teenage Mutant Ninja Turtles (2014)
tt0458481,Sin City: A Dame to Kill For (2014)
tt2397535,Predestination (2014)
tt2582802,Whiplash (2014)
tt3235888,It Follows (2014)
tt2084970,The Imitation Game (2014)
tt2980516,The Theory of Everything (2014)
tt1872194,The Judge (2014)
tt2321549,The Babadook (2014)
tt1790864,The Maze Runner (2014)
tt0365907,A Walk Among the Tombstones (2014)
tt0455944,The Equalizer (2014)
tt2267998,Gone Girl (2014)
tt3322940,Annabelle (2014)
tt1100089,Foxcatcher (2014)
tt2562232,Birdman or (The Unexpected Virtue of Ignorance) (2014)
tt2713180,Fury (2014)
tt2911666,John Wick (2014)
tt2872718,Nightcrawler (2014)
tt3416742,What We Do in the Shadows (2014)
tt0816692,Interstellar (2014)
tt2245084,Big Hero 6 (2014)
tt3316960,Still Alice (2014)
tt1951265,The Hunger Games: Mockingjay
tt2179136,American Sniper (2014)
tt1809398,Unbroken (2014)
tt1528100,Exodus: Gods and Kings (2014)
tt1109624,Paddington (2014)
tt2310332,The Hobbit: The Battle of the Five Armies (2014)
tt2180411,Into the Woods (2014)
tt1126590,Big Eyes (2014)
tt1020072,Selma (2014)
tt2788710,The Interview (2014)
tt2446042,Taken 3 (2014)
tt0470752,Ex Machina (2014)
tt2802144,Kingsman: The Secret Service (2014)
tt1617661,Jupiter Ascending (2015)
tt2322441,Fifty Shades of Grey (2015)
tt1823672,Chappie (2015)
tt1661199,Cinderella (2015)
tt2199571,Run All Night (2015)
tt2820852,Furious 7 (2015)
tt2395427,Avengers: Age of Ultron (2015)
tt1392190,Mad Max: Fury Road (2015)
tt1964418,Tomorrowland (2015)
tt3079380,Spy (2015)
tt2126355,San Andreas (2015)
tt0369610,Jurassic World (2015)
tt2096673,Inside Out (2015)
tt2293640,Minions (2015)
tt1340138,Terminator Genisys (2015)
tt2637276,Ted 2 (2015)
tt3152624,Trainwreck (2015)
tt0478970,Ant-Man (2015)
tt1798684,Southpaw (2015)
tt2381249,Mission: Impossible
tt4178092,The Gift (2015)
tt1502712,Fantastic Four (2015)
tt1638355,The Man from U.N.C.L.E. (2015)
tt3567288,The Visit (2015)
tt2719848,Everest (2015)
tt3397884,Sicario (2015)
tt2080374,Steve Jobs (2015)
tt1355683,Black Mass (2015)
tt0810819,The Danish Girl (2015)
tt1895587,Spotlight (2015)
tt3464902,The Lobster (2015)
tt3659388,The Martian (2015)
tt2361509,The Intern (2015)
tt3170832,Room (2015)
tt3682448,Bridge of Spies (2015)
tt2381111,Brooklyn (2015)
tt2554274,Crimson Peak (2015)
tt2379713,Spectre (2015)
tt1951266,The Hunger Games: Mockingjay
tt3203606,Trumbo (2015)
tt1979388,The Good Dinosaur (2015)
tt3076658,Creed (2015)
tt1596363,The Big Short (2015)
tt2488496,Star Wars: Episode VII
tt3460252,The Hateful Eight (2015)
tt1663202,The Revenant (2015)
tt2446980,Joy (2015)
tt0475290,"Hail, Caesar! (2016)"
tt1431045,Deadpool (2016)
tt2948356,Zootopia (2016)
tt4263482,The Witch (2015)
tt3300542,London Has Fallen (2016)
tt1179933,10 Cloverfield Lane (2016)
tt4160708,Don't Breathe (2016)
tt2975590,Batman v Superman: Dawn of Justice (2016)
tt3040964,The Jungle Book (2016)
tt3498820,Captain America: Civil War (2016)
tt3385516,X-Men: Apocalypse (2016)
tt3799694,The Nice Guys (2016)
tt0803096,Warcraft (2016)
tt3065204,The Conjuring 2 (2016)
tt2277860,Finding Dory (2016)
tt2709768,The Secret Life of Pets (2016)
tt1628841,Independence Day: Resurgence (2016)
tt4052882,The Shallows (2016)
tt0918940,The Legend of Tarzan (2016)
tt3553976,Captain Fantastic (2016)
tt1289401,Ghostbusters (2016)
tt4786282,Lights Out (2016)
tt2660888,Star Trek Beyond (2016)
tt4196776,Jason Bourne (2016)
tt5700672,Train to Busan (2016)
tt1386697,Suicide Squad (2016)
tt1700841,Sausage Party (2016)
tt2582782,Hell or High Water (2016)
tt3783958,La La Land (2016)
tt3263904,Sully (2016)
tt4550098,Nocturnal Animals (2016)
tt2543164,Arrival (2016)
tt2119532,Hacksaw Ridge (2016)
tt1860357,Deepwater Horizon (2016)
tt2404435,The Magnificent Seven (2016)
tt1935859,Miss Peregrine's Home for Peculiar Children (2016)
tt3631112,The Girl on the Train (2016)
tt2140479,The Accountant (2016)
tt4034228,Manchester by the Sea (2016)
tt3741834,Lion (2016)
tt3393786,Jack Reacher: Never Go Back (2016)
tt1211837,Doctor Strange (2016)
tt4975722,Moonlight (2016)
tt3183660,Fantastic Beasts and Where to Find Them (2016)
tt3521164,Moana (2016)
tt1619029,Jackie (2016)
tt3748528,Rogue One: A Star Wars Story (2016)
tt2671706,Fences (2016)
tt1355644,Passengers (2016)
tt2094766,Assassin's Creed (2016)
tt0490215,Silence (2016)
tt4846340,Hidden Figures (2016)
tt2034800,The Great Wall (2016)
tt4972582,Split (2016)
tt4116284,The Lego Batman Movie (2017)
tt4425200,John Wick: Chapter 2 (2017)
tt3315342,Logan (2017)
tt5052448,Get Out (2017)
tt3731562,Kong: Skull Island (2017)
tt2771200,Beauty and the Beast (2017)
tt5442430,Life (2017)
tt1219827,Ghost in the Shell (2017)
tt4630562,The Fate of the Furious (2017)
tt3896198,Guardians of the Galaxy Vol. 2 (2017)
tt2316204,Alien: Covenant (2017)
tt1972591,King Arthur: Legend of the Sword (2017)
tt1469304,Baywatch (2017)
tt1790809,Pirates of the Caribbean: Dead Men Tell No Tales (2017)
tt0451279,Wonder Woman (2017)
tt2345759,The Mummy (2017)
tt3890160,Baby Driver (2017)
tt3371366,Transformers: The Last Knight (2017)
tt2250912,Spider-Man: Homecoming (2017)
tt3450958,War for the Planet of the Apes (2017)
tt5013056,Dunkirk (2017)
tt2239822,Valerian and the City of a Thousand Planets (2017)
tt2406566,Atomic Blonde (2017)
tt1648190,The Dark Tower (2017)
tt1959563,The Hitman's Bodyguard (2017)
tt5362988,Wind River (2017)
tt3532216,American Made (2017)
tt1396484,It (2017)
tt5109784,Mother! (2017)
tt4649466,Kingsman: The Golden Circle (2017)
tt1856101,Blade Runner 2049 (2017)
tt5308322,Happy Death Day (2017)
tt5027774,"Three Billboards Outside Ebbing, Missouri (2017)"
tt3501632,Thor: Ragnarok (2017)
tt4925292,Lady Bird (2017)
tt3402236,Murder on the Orient Express (2017)
tt0974015,Justice League (2017)
tt2380307,Coco (2017)
tt5580390,The Shape of Water (2017)
tt2283362,Jumanji: Welcome to the Jungle (2017)
tt4154756,Avengers: Infinity War (2018)
tt2798920,Annihilation (2018)
tt2231461,Rampage (2018)
tt6644200,A Quiet Place (2018)
tt1825683,Black Panther (2018)
tt1677720,Ready Player One (2018)
tt5463162,Deadpool 2 (2018)
tt3778644,Solo: A Star Wars Story (2018)
tt6499752,Upgrade (2018)
tt4881806,Jurassic World: Fallen Kingdom (2018)
tt7784604,Hereditary (2018)
tt5164214,Ocean's Eight (2018)
tt3606756,Incredibles 2 (2018)
tt7668870,Searching (2018)
tt5052474,Sicario: Day of the Soldado (2018)
tt5095030,Ant-Man and the Wasp (2018)
tt5758778,Skyscraper (2018)
tt3766354,The Equalizer 2 (2018)
tt4912910,Mission: Impossible
tt4779682,The Meg (2018)
tt7349662,BlacKkKlansman (2018)
tt3104988,Crazy Rich Asians (2018)
tt4560436,Mile 22 (2018)
tt5814060,The Nun (2018)
tt3829266,The Predator (2018)
tt7040874,A Simple Favor (2018)
tt6998518,Mandy (2018)
tt1517451,A Star Is Born (2018)
tt1270797,Venom (2018)
tt1213641,First Man (2018)
tt6628394,Bad Times at the El Royale (2018)
tt4218572,Widows (2018)
tt5083738,The Favourite (2018)
tt1502407,Halloween (2018)
tt1727824,Bohemian Rhapsody (2018)
tt6155172,Roma (2018)
tt4530422,Overlord (2018)
tt4123430,Fantastic Beasts: The Crimes of Grindelwald (2018)
tt6966692,Green Book (2018)
tt6412452,The Ballad of Buster Scruggs (2018)
tt6343314,Creed II (2018)
tt5848272,Ralph Breaks the Internet (2018)
tt1571234,Mortal Engines (2018)
tt4633694,Spider-Man: Into the Spider-Verse (2018)
tt1477834,Aquaman (2018)
tt4701182,Bumblebee (2018)
tt7959026,The Mule (2018)
tt2737304,Bird Box (2018)
tt6266538,Vice (2018)
tt5028340,Mary Poppins Returns (2018)
tt5886046,Escape Room (2019)
tt6823368,Glass (2019)
tt5719748,Cold Pursuit (2019)
tt0437086,Alita: Battle Angel (2019)
tt8155288,Happy Death Day 2U (2019)
tt6513120,Fighting with My Family (2019)
tt4154664,Captain Marvel (2019)
tt1488606,Triple Frontier (2019)
tt6857112,Us (2019)
tt3861390,Dumbo (2019)
tt0448115,Shazam! (2019)
tt0837563,Pet Sematary (2019)
tt2274648,Hellboy (2019)
tt4154796,Avengers: Endgame (2019)
tt2139881,Long Shot (2019)
tt1489887,Booksmart (2019)
tt5884052,Pokémon: Detective Pikachu (2019)
tt6139732,Aladdin (2019)
tt7752126,Brightburn (2019)
tt6146586,John Wick: Chapter 3
tt2066051,Rocketman (2019)
tt3741700,Godzilla: King of the Monsters (2019)
tt7958736,Ma (2019)
tt6565702,X-Men: Dark Phoenix (2019)
tt8079248,Yesterday (2019)
tt2283336,Men in Black: International (2019)
tt1979376,Toy Story 4 (2019)
tt8663516,Child's Play (2019)
tt7456310,Anna (2019)
tt6320628,Spider-Man: Far from Home (2019)
tt8772262,Midsommar (2019)
tt8364368,Crawl (2019)
tt6105098,The Lion King (2019)
tt7131622,Once Upon a Time in Hollywood (2019)
tt6806448,Fast & Furious Presents: Hobbs & Shaw (2019)
tt3387520,Scary Stories to Tell in the Dark (2019)
tt7984734,The Lighthouse (2019)
tt6751668,Parasite (2019)
tt7798634,Ready or Not (2019)
tt6189022,Angel Has Fallen (2019)
tt7349950,It Chapter Two (2019)
tt1950186,Ford v Ferrari (2019)
tt5503686,Hustlers (2019)
tt7286456,Joker (2019)
tt5727208,Uncut Gems (2019)
tt1206885,Rambo: Last Blood (2019)
tt2935510,Ad Astra (2019)
tt7549996,Judy (2019)
tt1025100,Gemini Man (2019)
tt1560220,Zombieland: Double Tap (2019)
tt9243946,El Camino: A Breaking Bad Movie (2019)
tt2584384,Jojo Rabbit (2019)
tt1302006,The Irishman (2019)
tt6450804,Terminator: Dark Fate (2019)
tt6924650,Midway (2019)
tt5606664,Doctor Sleep (2019)
tt7653254,Marriage Story (2019)
tt8946378,Knives Out (2019)
tt4520988,Frozen II (2019)
tt3224458,A Beautiful Day in the Neighborhood (2019)
tt8404614,The Two Popes (2019)
tt7975244,Jumanji: The Next Level (2019)
tt3513548,Richard Jewell (2019)
tt6394270,Bombshell (2019)
tt8106534,6 Underground (2019)
tt2527338,Star Wars: Episode IX
tt8579674,1917 (2019)
tt3281548,Little Women (2019)
tt8367814,The Gentlemen (2019)
tt5774060,Underwater (2020)
tt1502397,Bad Boys for Life (2020)
tt7713068,Birds of Prey (2020)
tt3794354,Sonic the Hedgehog (2020)
tt0983946,Fantasy Island (2020)
tt1051906,The Invisible Man (2020)
tt7146812,Onward (2020)
tt1634106,Bloodshot (2020)
tt8244784,The Hunt (2020)
tt8936646,Extraction (2020)
tt7556122,The Old Guard (2020)
tt6723592,Tenet (2020)
