userId,name
ur2929860,Nelson
ur2521222,Graydon
ur4294858,Elliana
ur5727872,Bridgett
ur53150945,Demarion
ur67902729,Michal
ur59627333,Lulla
ur1162550,Dixie
ur15148330,Timothy
ur0629528,Kamryn
ur7813355,German
ur83918359,Jeannette
ur1578251,Liane
ur0375636,Marva
ur3270789,Cyndi
ur3079504,Santiago
ur3225430,Glennis
ur11848670,Essence
ur82462880,Deante
ur111092901,Imelda
ur53968709,Alyce
ur62997628,Jeb
ur47100167,Wright
ur5377344,Michaele
ur1556514,Ira
ur94560739,Jayda
ur2898980,Sage
ur11148131,Megan
ur36357573,Stanton
ur71305899,Hughey
ur106196708,Alvira
ur10919398,Maxwell
ur13288300,Shelvie
ur0035229,Serenity
ur23359813,Fred
ur0715971,Clarence
ur49392790,Jaheem
ur49561414,Blanca
ur4569900,Jazlyn
ur23581966,Luverne
ur20781972,Mariela
ur2079400,Lavonne
ur28221379,Jacquelynn
ur1878251,Lauryn
ur10334028,Denton
ur44841124,Levon
ur6732597,Loraine
ur20621243,Ann
ur0178741,Asher
ur2171244,Wilfredo
ur4751428,Littie
ur1506029,Bobbie
ur53053227,Nakisha
ur118961119,Emmitt
ur13887584,Shavon
ur1941835,Meta
ur9725326,Margretta
ur53037576,Harlen
ur0453228,Betha
ur4669024,Burt
ur0874373,Laurence
ur32764997,Braedon
ur9938570,Yolanda
ur3341647,Donia
ur0892646,Francesco
ur4052516,Jerald
ur22423593,Kizzy
ur24364152,Eloisa
ur77881167,Corey
ur91222832,Emeline
ur1052099,Quentin
ur11228318,Lani
ur24880647,Alanna
ur2307758,Emil
ur18723110,Cordia
ur0463200,Lacey
ur0489763,Dezzie
ur21821220,Maebelle
ur0068788,Dominic
ur29798050,Gretchen
ur71021213,Effa
ur114690246,Darell
ur4445210,Abdullah
ur0625436,Stanley
ur93138442,Norah
ur2467618,Tyrell
ur96996693,Myrna
ur6305926,Evangeline
ur0157498,Charls
ur3836774,Tucker
ur12327230,Idell
ur2366009,Delma
ur44112735,Cleola
ur21182619,Lottie
ur54203621,Anibal
ur12048299,Miranda
ur94289145,Claudia
ur3153189,Michell
ur85351024,Anissa
ur10398346,Lydell
ur3212364,Queenie
ur18423640,Sarahi
ur0785249,Marylyn
ur35295243,Winford
ur68331092,Tresa
ur2154134,Laurene
ur12009777,Yessenia
ur58619720,Offie
ur2216443,Rahsaan
ur0278527,Mathias
ur48675674,Caitlin
ur6136793,Rollie
ur69864183,Romeo
ur23240045,Arlene
ur4217184,Eliana
ur6879155,Rosita
ur24623283,Alyson
ur62431316,Marylouise
ur3580907,Charlton
ur3914439,Oren
ur0225436,Jaleesa
ur0482513,Elzy
ur1622466,Linna
ur21205314,Melissa
ur49208568,Antonetta
ur18374284,Mauricio
ur114624875,Lamont
ur31261952,Alfred
ur3824745,Loney
ur4788588,Almyra
ur7826013,Georgette
ur0226855,Murphy
ur35635716,Geoff
ur4161069,Britta
ur17816293,Tremaine
ur26779655,Sybilla
ur34845698,Altha
ur25775215,Rowan
ur7704831,Marrion
ur3741220,Caryl
ur34967775,Marylin
ur1046460,Bertram
ur2020269,Missie
ur5631526,Theola
ur5946448,Chestina
ur48697303,Meghann
ur5513934,Hosea
ur5153981,Osie
ur1530907,Wilbur
ur48102834,Nyah
ur23566468,Pennie
ur12394529,Kaleigh
ur1444027,Cressie
ur0431565,Muhammad
ur11597946,Nanette
ur16558990,Captain
ur38340845,Mercy
ur3902771,Gussie
ur0385200,Osborne
ur25627714,Woodrow
ur20243955,Darin
ur22881716,Bettina
ur34575093,Judge
ur23129480,Carlisle
ur21961286,Felipa
ur113445784,Dicie
ur29937976,Royce
ur0437174,Forest
ur0023796,Alva
ur19998007,Elodie
ur6208088,Gordon
ur59775972,Clarissa
ur1803589,Gracie
ur107065132,Kailyn
ur2245715,Roswell
ur0438881,Jule
ur4409266,Hayward
ur0018365,Demetra
ur4062408,Jarrell
ur22761455,Benjiman
ur0635312,Brynn
ur3923318,Dinah
ur4145136,Evans
ur76062573,Porter
ur25497641,Orelia
ur2498078,Carlee
ur0449021,Faustino
ur63469855,Jewell
ur2449095,Brandi
ur2608802,Kaylen
ur39517558,Albin
ur2446936,Dagny
ur106844093,Kellie
ur35623598,Amiya
ur3608743,Cleda
ur8046532,Linus
ur19752191,Minnie
ur35669238,Deloris
ur20327151,Rasheed
ur15140057,James
ur24340247,Arnie
ur0637916,Author
ur4506876,Lafe
ur28597523,True
ur0650255,Bina
ur8239592,Hurbert
ur1173088,Jobe
ur1100711,Raul
ur13538926,Tilda
ur19956219,Rowland
ur6918917,Arline
ur12527639,Dorla
ur4248714,Lone
ur4067661,Garry
ur75968031,Gaylon
ur49848930,Minoru
ur5115203,Bebe
ur78566523,Lavona
ur43545618,Obed
ur20597848,Maritza
ur2582239,Ted
ur0492558,Eldora
ur1616919,Alethea
ur25364506,Stacia
ur0110721,Nonie
ur0090767,Sharron
ur15651776,Jajuan
ur0222418,Vern
ur2860723,Hakim
ur5801780,Hiroshi
ur48282208,Jayvon
ur1158617,Caitlynn
ur45390749,Jocelyne
ur3793011,Nedra
ur14080241,Vernita
ur2326544,Krish
ur90868255,Cami
ur61096584,Lisle
ur15896852,Rutha
ur2745984,Elroy
ur45144398,Marilee
ur8766134,Chancy
ur44588015,Rahn
ur2375356,Jerimy
ur96416540,Latonia
ur34414709,Dejon
ur13566917,Bea
ur0855231,Mikaila
ur33162918,Shanna
ur1493052,Zebulon
ur8977071,Odile
ur26550510,Schuyler
ur1231696,Elton
ur2890802,Haskell
ur1193248,Ulysses
ur29888097,Sydnie
ur54176053,Raynard
ur53308260,Ryleigh
ur0064493,Murdock
ur13549369,Jett
ur1390493,Lillis
ur6201371,Hal
ur114600792,Earnest
ur1598260,Darian
ur15711750,Yadiel
ur1532177,Hobart
ur6302267,Kyler
ur82016772,Ely
ur0384847,Thaddeus
ur87808462,Nathanael
ur27637510,Selah
ur5237888,Lyn
ur23944958,Harrell
ur23483288,Hoke
ur2339662,Kash
ur49074014,Raymundo
ur41107215,Arlan
ur0033913,Lovina
ur41031967,Averi
ur11335477,Cicely
ur20961309,Hymen
ur0391152,Brennen
ur40127150,Melodee
ur0412563,Miah
ur7242773,Beda
ur27698874,Abril
ur31646645,Melinda
ur4986911,Harris
ur4308028,Aloma
ur28071275,Elouise
ur111579859,Karol
ur19835265,Ronal
ur26835138,Ashtyn
ur2020154,Gifford
ur0167865,Carlos
ur25790270,Nila
ur8503729,Leana
ur1951246,Besse
ur1234929,Girtha
ur14520497,Susanna
ur114674653,Tamie
ur90278387,Cathie
ur2590596,Fleeta
ur4234119,Loriann
ur17825945,Donnell
ur0826090,Ike
ur16650558,Earnestine
ur2542703,Madisen
ur8334868,Kathern
ur3441650,Leticia
ur36246296,Abigale
ur1634796,Orvil
ur0783721,Margurite
ur2790158,Frederick
ur22654354,Gwen
ur58525162,Etha
ur47682215,Saint
ur89493617,Emilie
ur102601261,Brittni
ur33172504,Park
ur1219578,Terell
ur1406078,Rachelle
ur8131454,Niles
ur3967726,Celine
ur4939636,Maryann
ur50463365,Latasha
ur1596808,Alferd
ur114692853,Ellison
ur41485753,Lawanda
ur12682317,Sherri
ur19892172,Dedric
ur24654656,Rosia
ur15977902,Alicia
ur23589178,Antony
ur31117020,Lucius
ur98906416,Bulah
ur0365713,Mickey
ur66601046,Raquel
ur17646017,Latricia
ur2955724,Ramona
ur5156288,Lizabeth
ur15462771,Hanna
ur0342623,Fleda
ur47231689,Winfred
ur25694706,Araminta
ur3174947,Teddie
ur27175177,Delores
ur70682706,Ishaan
ur4025773,Ximena
ur7850750,Errol
ur13630333,Derrell
ur0361658,Lew
ur8462477,Hilma
ur23426612,Camren
ur36494160,Lynwood
ur9426311,Eulalie
ur3670492,Leah
ur5153691,Inger
ur43353056,Kiyoko
ur1196715,Danyelle
ur6587670,Joanie
ur28159509,Tandy
ur4888011,Harold
ur52600820,Candida
ur5424352,Deann
ur12906670,Waldo
ur35725947,Miya
ur20916867,Madeline
ur29385135,Dalvin
ur3313332,Janine
ur1046557,Caldonia
ur17029428,Danniel
ur1132073,Dollie
ur45707659,Helga
ur3947986,Susannah
ur23318905,Jamiya
ur2115026,Takisha
ur15857362,Alejandra
ur22956348,Jayson
ur27077890,Dennie
ur6141756,Wilkie
ur13074316,Ephriam
ur13125317,Louise
ur20871749,Wava
ur78277499,Lavern
ur1303993,Josephine
ur33697153,Savannah
ur54757473,Kenton
ur2183600,Clair
ur2419668,Cherry
ur4532636,Kolby
ur9972457,Ayana
ur5232598,Frank
ur2707735,Grove
ur5876717,Rayford
ur17822437,Elida
ur0872211,Chelsi
ur4593705,Margo
ur49400835,Russ
ur15311310,Adaline
ur0002746,Crystal
ur114700501,Sarrah
ur1457119,Miriam
ur0937743,Anton
ur2368825,Eliga
ur13977076,Adilene
ur4915915,Jacoby
ur8228894,Dellie
ur0819382,Arlyn
ur37581915,Hamp
ur53903835,Venus
ur2042633,Yvette
ur0975530,Wesley
ur4195782,Emanuel
ur1111192,Janiya
ur2444068,Bartholomew
ur23949705,Lana
ur84924605,Deane
ur0689103,Vergie
ur3167531,Consuela
ur34290913,Deirdre
ur27018907,Aryan
ur64553516,Nada
ur50306943,Sharde
ur2976262,Milas
ur14630819,Jeffie
ur2721657,Norita
ur2496397,Jair
ur8625456,Perri
ur1609501,Beckett
ur19278556,Angella
ur58781741,Aurilla
ur47006221,Maximo
ur0317399,Hazen
ur2082018,Hurley
ur67826053,Mechelle
ur2263198,Charity
ur63857399,Normand
ur1214854,Isobel
ur1048771,Rodger
ur5291991,Wendell
ur10251315,Vander
ur113529171,Mabelle
ur0011762,Bill
ur23415028,Karli
ur0989035,Althea
ur62933173,Billy
ur30073066,Karley
ur1955998,Brielle
ur66111139,Ora
ur4601558,Lanette
ur20010568,Ardella
ur12771356,Shep
ur1124558,Fabiola
ur110212703,Francis
ur40243436,Juanita
ur4732215,Gilman
ur5232724,Lawton
ur18970655,Alpheus
ur25312605,Cornelius
ur79431623,Jackeline
ur11523087,Noma
ur61859192,Adrien
ur114689684,Ana
ur51181843,Antonette
ur1419266,Taina
ur5348015,Sommer
ur1217890,Manson
ur28145373,Pershing
ur44737250,Catherine
ur5358902,Theron
ur2650604,Goebel
ur2609601,Nora
ur15298231,Marlo
ur21241039,Corda
ur3063013,Neveah
ur18407045,Claudius
ur3922673,Mace
ur5077160,Abbie
ur25837689,Jerilynn
ur0270791,Izetta
ur66517869,Oakley
ur0070535,Holland
ur7472847,Ashlie
ur18437585,Sylvia
ur4478810,Ocie
ur0671107,Jodie
ur0491610,Rocky
ur0945066,Anjelica
ur11059167,Liliana
ur25517909,Violetta
ur20315296,Bambi
ur1098460,Cedrick
ur68044468,Blas
ur0972645,Kristina
ur2366174,Clemma
ur100383623,Lena
ur79190944,Lucia
ur0453068,Clementina
ur2950235,Kacie
ur22826047,Ellyn
ur53403649,Idamae
ur77131575,Amparo
ur104603847,Audie
ur106575348,Cristofer
ur65630430,Annetta
ur9521536,Loretta
ur0892463,Clarinda
ur16998042,Unique
ur22931600,Pricilla
ur1896124,Dayna
ur6078355,Sina
ur1090944,Lu
ur4944007,Lidia
ur30136144,Shirlee
ur2295338,Breonna
ur3588397,Clotilde
ur2292515,Zelma
ur5580339,Risa
ur2866837,Shanon
ur102605581,Fumiko
ur84948719,Trisha
ur1697212,Brendon
ur3728510,Harland
ur2403537,Landan
ur25192034,Ronda
ur0806494,Dulcie
ur26266323,Kaiden
ur1980092,Constantine
ur2879151,Pinkney
ur50423587,Wilford
ur8564485,Vernia
ur11358734,Evia
ur19511193,Dink
ur25226117,Shira
ur34185292,Cortez
ur1590118,Terrell
ur24085266,Lavonda
ur26680166,Braelyn
ur62660431,Jim
ur1559834,Nathalia
ur24373984,Margy
ur23577930,Lexie
ur67651029,Aditya
ur29500838,Damaris
ur23843983,Kimora
ur89799951,Zigmund
ur64264987,Marian
ur0727639,Harley
ur1657894,Hasel
ur23018536,Dionicio
ur56938771,Trevon
ur22484170,Hettie
ur2951437,Mercer
ur23583286,Gearld
ur0165374,Tiffany
ur2483625,January
ur6458242,Kadin
ur65144138,Albina
ur2626332,Gertie
ur6643268,Yoel
ur1471623,Edgardo
ur2488512,Iyana
ur1522352,Orris
ur14207038,Wilhelm
ur99782462,Neola
ur81019630,Audrina
ur0915482,Brigid
ur3109237,Graves
ur93852524,Hailie
ur91998110,Demonte
ur0257957,Deric
ur12666537,Treasure
ur34049683,Trevin
ur4780626,Arianna
ur9927546,Keion
ur33907744,Eben
ur60189604,Cason
ur0821456,Pearlie
ur28260582,Jasen
ur60028700,Erlinda
ur83822756,Jamal
ur104364239,Julian
ur15795433,Carina
ur114712021,Berta
ur14295241,Delcie
ur1640094,Rickie
ur45944466,Dan
ur23188638,Wilhelmina
ur22164449,Nena
ur20437399,Millicent
ur9227049,Justine
ur1416505,Juluis
ur20552756,Gale
ur22864666,Ben
ur56005872,Epsie
ur33374263,Alease
ur29348863,Wade
ur18044142,Kristofer
ur17571044,Herschel
ur0543054,Anastacio
ur13223958,Mae
ur1745168,Arminta
ur4405474,Eudora
ur11750202,Kristin
ur58137713,Garret
ur26591649,Pranav
ur12844960,Morris
ur69172350,Mozella
ur2214855,Izayah
ur1364019,Lenna
ur87748969,Rolla
ur34836174,Bertrand
ur25105932,Dovie
ur0812029,Santina
ur13401764,Noretta
ur0650655,Roman
ur4948347,Estell
ur69910557,Shon
ur35307871,Lex
ur22996114,Percy
ur23293799,Odus
ur13178622,Wyatt
ur104257720,Berry
ur93969415,Fernanda
ur0345596,Anastasia
ur19611175,Shannan
ur1293485,Kittie
ur32939276,Abbey
ur4465293,Jaunita
ur26154754,Galilea
ur37763453,Alfonzo
ur2852887,Edsel
ur1069062,Georgiana
ur27361979,Purl
ur0312444,Jillian
ur0495697,Vernell
ur0355122,Texie
ur26820801,Cleora
ur29565770,Needham
ur4640865,Ashlea
ur22668817,Racheal
ur54692175,Devante
ur0663392,Fleet
ur1249454,Alondra
ur4834714,Jovanni
ur52569309,Ermina
ur60255714,Sophia
ur1888886,Kareem
ur100116496,Jonathon
ur0609951,Vickie
ur55157303,Verl
ur113506463,Artis
ur1257208,Georgeann
ur0394025,Torrie
ur26465371,Sol
ur0426613,Keli
ur47850240,Cory
ur68483081,Beaulah
ur17119745,Anneliese
ur57213624,Steve
ur37533654,Janell
ur57699719,Marshal
ur22131361,Kaela
ur20531137,Hildegard
ur0865972,Priscila
ur0079652,Gustavo
ur0968789,Angelo
ur68612934,Destin
ur108874341,Sam
ur11423174,Katie
ur79118814,Carley
ur2248099,Justin
ur1893630,Phylis
ur37892465,Montel
ur2567136,Sybil
ur0622275,Benita
ur17108559,Yasmin
ur90270268,Chet
ur0631986,Kaylan
ur0547823,Felicie
ur20375346,Sebrina
ur64798417,Zed
ur66355076,Jena
ur1406466,Luda
ur35247235,Talon
ur0102816,Nim
ur1732001,Dulce
ur7973716,Janice
ur2898520,Paulo
ur87850731,Gabe
ur98033888,Stetson
ur0176092,Elisha
ur31064494,Shiela
ur1501216,Lucina
ur27550947,Jace
ur3223254,Zion
ur0741152,Casimiro
ur1696608,Zola
ur100147162,Celesta
ur3387663,Susan
ur0111731,Paulina
ur1016453,Abner
ur26443691,Camden
ur34973289,Tabatha
ur1062771,Mariann
ur0786032,Leanna
ur1575693,Channing
ur27083426,Zachery
ur0562732,Rayfield
ur1899620,Durwood
ur1350313,Autry
ur65737204,Jameson
ur0756238,Xiomara
ur50489624,Amin
ur22171966,Caitlyn
ur1399158,Clevie
ur15445210,Yusuf
ur3798706,Lonie
ur0234740,Warner
ur0385776,Mikayla
ur8546957,Abraham
ur2843647,Felipe
ur114649661,Milo
ur19892892,Venita
ur43949288,Destini
ur1355507,Sherry
ur7383416,Garett
ur2093818,Dawna
ur16832848,Elvin
ur16161013,Dona
ur43078905,Trumaine
ur1773414,Jorden
ur53034975,Magan
ur23055365,Madlyn
ur5261700,Cameron
ur0351766,Jenna
ur2030420,Sheryl
ur6321000,Dickie
ur1683855,Francisco
ur11215533,Somer
ur23096180,Ebenezer
ur16488747,Hester
ur1994077,Chantelle
ur3146136,Marylee
ur17067687,Colin
ur33734362,Americo
ur57691865,Rolando
ur0234891,Dema
